1;Монитор HUAWEI MateView SE SSN-24 (53060683) ;10999
2;Монитор игровой Thunderobot F23H60 ;9999
3;Монитор игровой AOPEN 27HC5RPbiipx ;16499
4;Монитор игровой Rombica SkyView V24 (MUV-002) ;12499
5;Монитор Samsung S24R350FZI ;11999
6;Монитор игровой Samsung C24RG50FZI ;14499
7;Монитор Samsung C24F390FHI ;12999
8;Монитор игровой Philips 27M1N3500LS/00/01 ;21299
9;Монитор игровой AOC G2490VXA ;14899
10;Монитор игровой Acer Nitro QG241Ybii ;12299
11;Монитор игровой Samsung S24AG302NI(LS24AG302NIXCI) ;17999
12;Монитор игровой Thunderobot Q34H144 ;33999
13;Монитор игровой AOPEN 32HC5QRPbiipx ;19499
14;"Монитор Xiaomi Mi 1C 23.8"" (BHR4510GL) ";11399
15;"Монитор HUAWEI MateView 28"" (HSN-CBA) ";49999
16;Монитор Samsung C27F390FHI ;13999
17;Монитор игровой HUAWEI MateView GT 27'' XWU-CBA ;25999
18;Монитор AOC 27B2H ;12499
19;Монитор игровой HUAWEI MateView GT 34'' ZQE-CBA ;39999
20;Монитор игровой Acer ED270UPbiipx ;22499
